{
  "block": {
    "period": "1998-2001",
    "context": "Dotcom bubble, 9/11 attacks, Kosovo war, Y2K discourse, globalization criticism"
  },
  
  "data_level": {
    "description": "Verifiable facts, documented events, statistics",
    
    "discourse_density": {
      "primary_sources": [
        {
          "type": "academic_book",
          "source": "Fukuyama, Francis. 'The End of History and the Last Man' (1992) - continued debate 1998-2001",
          "quantification": "Ongoing academic and public debate throughout period",
          "confidence": "high"
        },
        {
          "type": "media_event",
          "source": "Y2K millennium bug coverage in major newspapers 1999",
          "quantification": "Global media phenomenon - documented in NYT, Guardian, Spiegel archives",
          "confidence": "high"
        },
        {
          "type": "political_discourse",
          "source": "Huntington, Samuel. 'The Clash of Civilizations' (1996) - increased relevance post-9/11",
          "quantification": "Qualitative: High prominence in foreign policy discussions 2001",
          "confidence": "medium"
        }
      ]
    },
    
    "technological_velocity": {
      "key_innovations": [
        "Internet adoption acceleration (late 1990s)",
        "Mobile phone proliferation",
        "Broadband expansion"
      ],
      "metrics": {
        "adoption_rate": "No reliable global statistics for precise 1998-2001 comparison available",
        "infrastructure_changes": "Documented: Major fiber optic network buildout 1998-2000, DSL availability expansion in Western countries"
      }
    },
    
    "economic_instability": {
      "market_events": [
        {
          "event": "NASDAQ dotcom bubble peak and crash",
          "impact": "Peak March 2000 (~5048 points), decline to ~1638 by April 2001 (-~78%)",
          "source": "NASDAQ historical records, widely documented in financial press"
        },
        {
          "event": "9/11 attacks economic impact",
          "impact": "Wall Street closure 4 days, major airline industry losses, insurance sector shock",
          "source": "Federal Reserve reports, major financial news outlets September 2001"
        },
        {
          "event": "Asian financial crisis aftermath (1997-1998)",
          "impact": "Ongoing market volatility 1998-1999, documented in IMF reports",
          "source": "International Monetary Fund archival reports"
        }
      ],
      "volatility_indicators": "NASDAQ decline documented, broader market indices showed increased volatility 2000-2001"
    },
    
    "polarization": {
      "documented_incidents": [
        "WTO protests Seattle 1999 (Battle of Seattle) - widely documented",
        "Genoa G8 summit protests 2001 - widely documented",
        "Kosovo war 1999 - political polarization in NATO countries",
        "US presidential election 2000 - documented political division"
      ],
      "political_fragmentation": "Qualitative: Medium - documented increase in anti-globalization movements, political debates on military intervention",
      "social_cleavages": "Qualitative: Medium - growing digital divide discourse, cultural conflicts documented in media"
    },
    
    "symbolic_overproduction": {
      "cultural_productions": [
        "Millennium celebrations and apocalyptic narratives (1999-2000)",
        "Cyberculture and 'New Economy' symbolism in popular media",
        "Post-9/11 symbolism (heroes, villains, civilization narratives)"
      ],
      "new_movements": [
        "Anti-globalization movement (documented from Seattle 1999)",
        "Digital rights activism (early phase)",
        "Post-9/11 patriotic symbolism in US and allied countries"
      ],
      "diversity_indicator": "Qualitative: High - multiple competing symbolic systems (New Economy optimism vs. crisis narratives vs. anti-globalization critique)"
    }
  },
  
  "discourse_level": {
    "description": "Documented public narratives - NO PRIVATE INTERPRETATIONS",
    
    "dominant_narratives": [
      {
        "narrative": "New Economy / Internet revolution",
        "media_presence": "Documented in: Business magazines (Forbes, Business Week), popular media, tech journalism 1998-2000",
        "timeframe": "Peak 1999-March 2000, continued with caveats 2000-2001"
      },
      {
        "narrative": "Globalization as opportunity vs. threat",
        "media_presence": "Documented in: News magazines, political debates, WTO protest coverage 1999-2001",
        "timeframe": "Intensified 1999-2001"
      },
      {
        "narrative": "Post-Cold War order uncertainties",
        "media_presence": "Documented in: Foreign policy journals, political commentary, especially post-9/11",
        "timeframe": "Throughout period, heightened 2001"
      }
    ],
    
    "crisis_discourses": [
      {
        "discourse": "Y2K millennium bug",
        "public_presence": "Global media coverage 1999, government and corporate preparation efforts documented",
        "prominence": "High in 1999, rapidly declined January 2000"
      },
      {
        "discourse": "Economic insecurity (dotcom crash, layoffs)",
        "public_presence": "Business press, mainstream media 2000-2001",
        "prominence": "Medium - High in business press, variable in general public discourse"
      },
      {
        "discourse": "Terrorism and security",
        "public_presence": "Limited pre-9/11, dominant post-9/11 in Western media",
        "prominence": "Transformed from low to very high September 2001"
      }
    ],
    
    "end_time_narratives": [
      {
        "theme": "Millennial apocalyptic and utopian narratives",
        "visibility": "Documented in: Popular culture, religious discourse, media speculation 1999-2000",
        "intensity": "High in 1999, declined 2000, partially revived in post-9/11 security discourse"
      },
      {
        "theme": "End of history debate continuation",
        "visibility": "Academic and intellectual discourse throughout period",
        "intensity": "Medium - sustained academic discussion"
      }
    ]
  },
  
  "structure_level": {
    "description": "Aggregate assessment - based on data and discourse levels",
    
    "tension_matrix": {
      "discourse_density": "high - multiple competing crisis and transformation narratives (Y2K, New Economy, globalization, post-9/11)",
      "technological_velocity": "high - documented rapid internet and mobile adoption, infrastructure expansion",
      "economic_instability": "high - NASDAQ crash documented, post-9/11 economic impact, ongoing Asian crisis aftermath",
      "polarization": "medium - documented increase in protest movements (WTO, G8), political divisions (election 2000, Kosovo war debates)",
      "symbolic_overproduction": "high - millennial narratives, New Economy symbolism, post-9/11 symbolism, competing ideological movements"
    },
    
    "aggregate_tension": "high - multiple documented indicators show concurrent tension accumulation across economic, technological, symbolic, and political dimensions",
    
    "confidence_assessment": "partial - economic and technological indicators well-documented, quantitative polarization data limited, cultural indicators qualitative",
    
    "data_gaps": [
      "Quantitative polarization measures (election data, public opinion polls) not included",
      "Precise global internet adoption rates 1998-2001 not verified",
      "Systematic media discourse frequency analysis not conducted",
      "Non-Western perspectives underrepresented in this analysis"
    ]
  },
  
  "interpretation_level": {
    "description": "EXPLICITLY SPECULATIVE - Always marked as hypotheses",
    
    "hypotheses": [
      {
        "id": "HYP-1998-001",
        "claim": "Rapid technological change (internet/mobile) and New Economy symbolism created a perception of acceleration that may have amplified crisis perception during dotcom crash and post-9/11 uncertainty",
        "confidence": "low",
        "status": "speculative_pattern_observation",
        "data_basis": [
          "data_level: technological_velocity (documented infrastructure changes)",
          "discourse_level: New Economy narrative prominence",
          "structure_level: high technological velocity + high symbolic overproduction"
        ],
        "caveats": [
          "No direct causal evidence linking technology adoption speed to crisis perception",
          "Regional variation likely (Western-focused data)",
          "Multiple concurrent factors make attribution difficult"
        ]
      },
      {
        "id": "HYP-1998-002",
        "claim": "Millennial narratives (Y2K, end-of-history, apocalyptic/utopian discourse) may have created a symbolic framework that heightened sensitivity to rupture scenarios",
        "confidence": "very_low",
        "status": "speculative_correlation",
        "data_basis": [
          "discourse_level: millennial and end-time narratives",
          "data_level: symbolic overproduction documented",
          "structure_level: high discourse_density + high symbolic overproduction"
        ],
        "caveats": [
          "Symbolic influence on perception difficult to verify",
          "No systematic study of narrative impact on behavior",
          "Correlation does not imply causation",
          "Cultural specificity not addressed"
        ]
      }
    ],
    
    "warnings": [
      "CORRELATION ≠ CAUSATION: All pattern observations are correlations only",
      "REGIONAL BIAS: Data primarily reflects Western (US/European) perspective",
      "TEMPORAL SPECIFICITY: Patterns may be specific to 1998-2001, not generalizable",
      "DATA LIMITATIONS: Quantitative measures incomplete, especially for polarization and discourse frequency",
      "NO TELEOLOGICAL CLAIMS: This analysis does NOT claim these tensions 'inevitably led' to specific outcomes"
    ],
    
    "uncertainty_markers": {
      "data_completeness": "partial - economic and some cultural indicators well-documented, quantitative polarization data absent",
      "cross_cultural_validity": "unknown - Western-centric data sources",
      "temporal_specificity": "high - patterns specific to this historical period"
    }
  },
  
  "sources": {
    "description": "ALL references explicitly cited",
    
    "primary_data": [
      {
        "id": "SRC-001",
        "type": "financial_archive",
        "reference": "NASDAQ Composite Index historical data 1998-2001",
        "accessed": "Publicly available financial databases and historical records"
      },
      {
        "id": "SRC-002",
        "type": "historical_archive",
        "reference": "WTO Seattle protests 1999 documentation",
        "accessed": "News archives, documentary records"
      },
      {
        "id": "SRC-003",
        "type": "historical_archive",
        "reference": "September 11, 2001 attacks documentation",
        "accessed": "Commission reports, news archives"
      }
    ],
    
    "secondary_literature": [
      {
        "id": "LIT-001",
        "type": "academic_book",
        "reference": "Fukuyama, Francis. 'The End of History and the Last Man'. Free Press, 1992",
        "relevance": "End of history debate discourse_level"
      },
      {
        "id": "LIT-002",
        "type": "academic_book",
        "reference": "Huntington, Samuel P. 'The Clash of Civilizations and the Remaking of World Order'. Simon & Schuster, 1996",
        "relevance": "Civilizational conflict discourse discourse_level"
      },
      {
        "id": "LIT-003",
        "type": "historical_analysis",
        "reference": "Various historians. 'The Dotcom Bubble: Economic Analysis'. Multiple sources",
        "relevance": "Economic instability data_level"
      }
    ],
    
    "media_sources": [
      {
        "id": "MED-001",
        "type": "newspaper",
        "reference": "The New York Times archives 1998-2001",
        "usage": "Y2K coverage, dotcom coverage, post-9/11 coverage"
      },
      {
        "id": "MED-002",
        "type": "magazine",
        "reference": "The Economist, Business Week archives 1998-2001",
        "usage": "New Economy discourse, economic crisis coverage"
      },
      {
        "id": "MED-003",
        "type": "newspaper",
        "reference": "Der Spiegel archives 1998-2001",
        "usage": "German/European perspective on globalization, Kosovo war, millennial discourse"
      }
    ]
  },
  
  "metadata": {
    "created": "2026-02-14",
    "framework": "MGK_METHODICAL_FRAMEWORK_v1",
    "module": "pre_disruptive_tension_periods",
    "status": "prototype_exemplar",
    "compliance_check": {
      "reality_over_narrative": "data_level contains only documented facts",
      "metaphors_as_tools": "no metaphorical language used",
      "no_teleology": "no 'inevitable' or 'had to happen' language",
      "structure_over_blame": "focus on system indicators",
      "level_separation": "four levels maintained",
      "uncertainty_marked": "all interpretations marked as hypotheses with low confidence"
    }
  }
}