{
  "workspace": "pre_disruptive_tension_periods_1990_2001",
  "focus": "Tension indicators 1990-2001 (prototype: 1998-2001)",
  "status": "prototype_phase",
  "created": "2026-02-14",
  "updated": "2026-02-14",
  "framework": "MGK_METHODICAL_FRAMEWORK_v1",
  
  "blocks": [
    {
      "identifier": "1998-2001",
      "file": "blocks/1998-2001.json",
      "status": "exemplar_filled",
      "description": "Complete analysis with all four levels, strict source adherence"
    },
    {
      "identifier": "1994-1997",
      "file": "blocks/1994-1997.json",
      "status": "placeholder",
      "description": "Reserved for future expansion"
    },
    {
      "identifier": "1990-1993",
      "file": "blocks/1990-1993.json",
      "status": "placeholder",
      "description": "Reserved for future expansion"
    }
  ],
  
  "module_compliance": {
    "mgk_principles": {
      "principle_1_reality_over_narrative": "enforced - data_level contains only verifiable facts",
      "principle_2_metaphors_as_tools": "enforced - no metaphorical language in data/discourse/structure levels",
      "principle_3_no_teleology": "enforced - no deterministic language, hypotheses marked as speculative",
      "principle_4_structure_over_blame": "enforced - focus on system indicators",
      "principle_5_level_separation": "enforced - four distinct JSON sections maintained",
      "principle_6_uncertainty_marked": "enforced - all interpretations marked with confidence levels"
    },
    "source_policy": {
      "strict": true,
      "no_simulated_data": true,
      "qualitative_fallback_used": true,
      "all_sources_cited": true
    }
  },
  
  "next_steps": [
    "Validate prototype against MGK principles",
    "Assess data completeness and source quality",
    "Decision: extend to 1994-1997 and 1990-1993, or refine 1998-2001",
    "Consider cross-period comparative analysis"
  ],
  
  "metadata": {
    "module_version": "1.0.0",
    "prototype_block": "1998-2001",
    "total_blocks": 3,
    "completed_blocks": 1,
    "completion_percentage": 33
  }
}